{
  "Dummy": {
    "precision_1": 0.0,
    "recall_1": 0.0,
    "f1_1": 0.0,
    "roc_auc": 0.5,
    "pr_auc": 0.3291139240506329,
    "confusion_matrix": [
      [
        53,
        0
      ],
      [
        26,
        0
      ]
    ]
  },
  "LogisticRegression": {
    "precision_1": 0.5806451612903226,
    "recall_1": 0.6923076923076923,
    "f1_1": 0.631578947368421,
    "roc_auc": 0.7873730043541365,
    "pr_auc": 0.6393382233872409,
    "confusion_matrix": [
      [
        40,
        13
      ],
      [
        8,
        18
      ]
    ]
  },
  "RandomForest": {
    "precision_1": 0.5454545454545454,
    "recall_1": 0.23076923076923078,
    "f1_1": 0.32432432432432434,
    "roc_auc": 0.7010159651669086,
    "pr_auc": 0.5366342287005675,
    "confusion_matrix": [
      [
        48,
        5
      ],
      [
        20,
        6
      ]
    ]
  }
}